Title,Price_sold,Shipping_cost,Item_seller,Link,Seller_name,Seller_feedback,Seller_Rating%,Shipping_cost_value,Shipping_type
Business Intelligence Roadmap: The Complete Project Lifecycle for...,5.75,Free shipping,"thrift.books (3,540,506) 99%",https://www.ebay.com/itm/193839561169?epid=2304231&hash=item2d21bcf9d1:g:3XgAAOSwEBdf~1QX&itmprp=enc%3AAQAJAAAA4Bv4URFdie%2B93N47LNbBjccUiFuUz93e249hLwXIo6WmiHmzjIF6R1QfmBFTt8BdB5dnG2RF1AtWLVbFN70f3KCm2BuVFRevHd1oEeJTJd%2FUYtuQhQlUjfjuI49dlTuUzywTRRNxV8%2BcoPw1NzpyOYGS87G8vXgXIizOUthK03qlXg%2BE9nvy24v0ETI%2BxsainAc55gH6KwDfOkr1GTKcC9h30r%2FVLUcEMM97oM71%2B9sr%2B4mkEiRANoFCU8iFfGjD2YdiJaEkAT7XmbTZ6hAN0QQW30evZLhncpWstu2vhTQU%7Ctkp%3ABFBM9Ouj-dJj,thrift.books,3540506,99.0,0.0,Free International shipping
"Data Mining for Business Intelligence: Concepts, Techniques, and Applicat - GOOD",38.07,Free shipping,"second.sale (3,210,426) 98%",https://www.ebay.com/itm/265778437135?epid=234971365&hash=item3de1a11c0f:g:izcAAOSwme9i0Bnm&itmprp=enc%3AAQAJAAAA4P7UG9V2UJ3RVvs45FiCdIgtlv5jcUZywHZujiP2MIIslblfd5xIMJaTKbLZj%2FcPnxcYj%2BzfJKSCMparvkXiYAvxEl5U1kGx%2BopQL5jvA4ePs%2FLfp9Mm5tJ4MqxtZopM0zOne8bOHM1rh13%2FTNVieWBLZNSj6qjJEIqGnhwchteIq8RkysaFpAjhJBrtwaAqIozLlHfpyK65%2B0zVBFz3VRXDmTodrLq1gyeH%2FU1XVFy24mWtGAZ0voizuupu8ZCHWMHvn%2FF14gsfal3YMu3izUK9AB8mAm4GtUcjXMc7EoU4%7Ctkp%3ABFBM9Ouj-dJj,second.sale,3210426,98.0,0.0,Free International shipping
"Business Intelligence, Analytics, and Data Science, 4e By Sharda 9789353067021",23.5,Free shipping,"dunkin_bookstore (33,749) 98.9%",https://www.ebay.com/itm/233198562933?epid=234980104&hash=item364bb7ae75:g:3yIAAOSwItRfh9~7&itmprp=enc%3AAQAJAAAA4O0hMRRRs183%2BPdMIhKXqyW3iRx%2Bm1uFzLzov9McgaJm3MMN43X%2B%2BhqAaofL%2FfqvJ6AhoS1KqI2syn%2BV4eYYVzKK%2BMruub9bJzo6cmVAlLLxBCO1f3KDbbJ1S8Y1iWC7PXE3AyBuRjCgenNEV3eEDXQ37Lf%2BRizXFwrvw5EPT3KRCj8UK8P8ZfmJR5hErNQJzpaPbh7aHwsGkexiF4aVRCYXp%2BY6Ik%2FcyuRQqAXOtZo84XcYSdADR%2B2wHXWlFRtVsLXO%2Bc2L6e1SM%2F6b%2Fo5XCQeUX19ut%2Fv%2FQXD%2Bc5sK%2BN%2B5%7Ctkp%3ABFBM9Ouj-dJj,dunkin_bookstore,33749,98.9,0.0,Free International shipping
The Intelligent Asset Allocator: How to Build Your Portfolio to Maximize  - GOOD,4.63,Free shipping,"second.sale (3,210,426) 98%",https://www.ebay.com/itm/264696869416?epid=1763471&hash=item3da129b228:g:CvQAAOSwLLxglAOu&itmprp=enc%3AAQAJAAAA4A7xWNlpOznwHl15YnTGO46%2FyQl%2FQKQK3CZGIPRRg05mpL7v73gedUHf6LJdP0M3uLTPf0X%2BBX5j2Oh2M3Z%2F9mThvd403gz9rOfuhtM3nXTTAeaSRYMVAVHQ1DRx%2FEiLyqfmkst7WWLUxHorpTJQAMF%2FnV5x%2FX6Yjs1FxvW0cCE5gPv0k1l%2B2zy1GisAxMWC8LfLX970yW5TZ%2BU1%2BqhixZ4JYAZL%2FigKDjyjXAXtGE1Jsoy6gcGGfJ3uMgmOFxaakoThvv5QXGa4ibra5Hc844PsexuJscvVBBuDKgdBmEu8%7Ctkp%3ABk9SR_Tro_nSYw,second.sale,3210426,98.0,0.0,Free International shipping
Mastering Tableau: Smart Business Intelligence techniques to get maximum insight,0.99,3.50 shipping,tigers_redwings (109) 100%,https://www.ebay.com/itm/126364706666?epid=234181332&hash=item1d6bec676a:g:7~MAAOSwEtdf~8X8&itmprp=enc%3AAQAJAAAA4MRczbfKsuM%2B8%2FYmkpxofhpklVSjmv8UiK8Up6eqK8CayIT7A47aUQknAWMhYpZTn8XTaANJMbEVlTF5RKoHNgsalOO2pPmezG%2BM%2BVqAjbl6oFvgDZMjzxE6mrRUl5uB5nbkO7Ck4SmSCgjwHwl42QiMvf12hmJXOqYARakFyaVEivjGbtw7TMB%2BMO4MtJb4wQKXRkXHzaEL792k077jUQhPlw1sRnv00K0oZKe40eYYUyveAAAPHjcwO18d5cyp%2FNTwZNXcohctrTAuCH9rokMVNI5dDJtktV8M9oXhwC7b%7Ctkp%3ABk9SR_Tro_nSYw,tigers_redwings,109,100.0,3.5,Paid shipping
"Business Intelligence, Analytics, and Data Science : A Managerial Perspective by",14.5,5.61 shipping,mavy.a-22 (0) 0%,https://www.ebay.com/itm/145689118921?epid=234980104&hash=item21ebbf88c9:g:AgAAAOSwxWZf~-6V&itmprp=enc%3AAQAJAAAA4APt3X%2Bsg3wqBXyOCYpNnA1dciAds9cxTfGq2XH2ktg5fXfJit00xZTQx8oIRRF1vwYK%2BvdJciEsUSqHyJrl37mz9MR0gGM%2F%2B%2BihQSuhYIjubdkqFJrUlIDwPhH0jj%2BNp3vMPoWoxTwBBXgfF3wAovUXkRhX%2Bi1IRUdSmGO3GMQwmiJPVd1m4%2Fxhr4iVvJ5ZF%2BWjKCgf7%2FCsDm5c2qMQ8vR66Kzvr7kQKG3WuUfq0CXcWexZm6QszbXd%2BrsmAuRpQsbK6lzz2kJZ3Scvmiw7695uscMzjlRw3PG%2BEW%2FdAhgc%7Ctkp%3ABk9SR_Tro_nSYw,mavy.a-22,0,0.0,5.61,Paid shipping
"Business Intelligence Guidebook: From - Paperback, by Sherman Rick - Very Good",26.69,Free shipping,"booksrun (73,601) 99.1%",https://www.ebay.com/itm/404823274696?epid=13038274983&hash=item5e4158f4c8:g:BL0AAOSwivxl3S3P&itmprp=enc%3AAQAJAAAA0PFfNoaRm2PeRxex3KUq902QN2p45mwBJjFA6Wat%2BWcBy2yJw0%2FnS6F4x786CyhF8MSl9%2BZLNLCL%2FzRjg%2FP%2BYx7LR5zYWyQ9yzKHZLyZsqn5F4By0v8tqLn1XppICNAB1QGMmzgpAzDQu61nCgTMMTZJB%2BQINVJD3pXL4QsCko1qRFXUEH65FqCCUrq%2B6SvS1YEcL9LRweQ2JY2082w18B%2F02ySPTvknT5%2Fq7QtNp2aWKtBE29dAqp4xskquk1lXx4099Z4xLbD8SPIJcwh05FQ%3D%7Ctkp%3ABk9SR_Tro_nSYw,booksrun,73601,99.1,0.0,Free International shipping
"Business Intelligence, Analytics, A..., Ramesh Sharda,",13.0,3.50 shipping,keby_26 (282) 100%,https://www.ebay.com/itm/386790060198?epid=16039064044&hash=item5a0e7bf0a6:g:nF0AAOSwPSJl0khX&itmprp=enc%3AAQAJAAAA4D3eYg5C61bRO3Bvme6dhupxVAco9ZKwF3KUalIMTrqHhqlKpVkJGp39aUFgyk6spDbrDLqgfgCFeLHnKlLRHe7fnhuQDd9ydUYxwXH5TgzNeCvsoCjDwTrqClSIjcgGMihKXJFoVQXU1knzfcvGQyun61nAAN%2BzoKW63GwC1HZwZM6FREkHkIJLRDTjGPc4u96A03kyKQA5FTieLcSP%2BCV7ojwOAArLe%2F2AXHBliDzNTvgVqSHnVk5xj7KWmQTcc4VMq9Xw1DyujKnrFG%2Bzpgi7K4YIZ9I5MYI8aaR1UNIR%7Ctkp%3ABk9SR_Tro_nSYw,keby_26,282,100.0,3.5,Paid shipping
"Business Intelligence, Analytics, and Data Science: A Managerial Perspective 4TH",15.25,5.61 shipping,tel67not (230) 0%,https://www.ebay.com/itm/186333459344?epid=234980104&hash=item2b6256f390:g:2AYAAOSwhXNl6hPg&itmprp=enc%3AAQAJAAAAwNjQIC5qefVLqFNP1f%2B3AAk8fT2DvCNB2SGwFRLHWzIsxbJgq8WhtBz2c42bcaO84TphIVMS2aagXFwGngjl6xYBx7Yc5kANQPcK2R4mKAAGhOkyeKSzvBxifvNnCEIzIH8K3wBJBD7mY4Tmc4Ozcjw5XjAIF%2B03PlQt%2FEDIhFVe8j3QZhFBWh8Z4UrYQio%2BNnlv3%2FYOhHN8Yt1mnNK2wHEejiv1DJnUsa3YIakPLd9yoFl2%2FjRNMPpJ53uuqPISqg%3D%3D%7Ctkp%3ABk9SR_Tro_nSYw,tel67not,230,0.0,5.61,Paid shipping
"The Definitive Guide to DAX: Business intelligence for Microsoft Power BI, SQL S",31.99,Free shipping,"dunkin_bookstore (33,749) 98.9%",https://www.ebay.com/itm/334944259503?epid=242666824&hash=item4dfc3bcdaf:g:PQ8AAOSwPSVkq-85&itmprp=enc%3AAQAJAAAA0KkmqZx356oXZJxg91mKY8vDrY6JE7WEeLuitNbI9uGTi7ftgpKbatRHZS%2FcxxXiTUo52Q%2B%2Fd4jArIXGUS%2B6Y%2F6G20%2FZ%2BYlbopWlomsrRONMrzFJ4yi5%2FWwBs5jGht59ljV8U8oFjyqURA5G9k74qVJrmyErfOCu4%2Bu5rYMIjkxiJMTVF14eEwgNIwrmYFlqbo%2B08QZRyEUC3Kjys%2BxOCdBgj4AvpOBoyRophaiCJSqTT9gFXO0AKeisFe0Upzom3lNPywNygarXTpGRCTLsNk4%3D%7Ctkp%3ABk9SR_Tro_nSYw,dunkin_bookstore,33749,98.9,0.0,Free International shipping
Business Intelligence with SQL Server Reporting Services By Adam,19.5,Free shipping,"awesomebooksusa (408,362) 98%",https://www.ebay.com/itm/335283374559?epid=208578784&hash=item4e107249df:g:hywAAOSwud9l4ptt&itmprp=enc%3AAQAJAAAA4LHyV%2FQiUpUcRnFEHGM0kjElcsu9r35rHYXJ22LdkPsX40euc8X%2BNUZBDVU1iySztbpK5sd115u4NtKCzhixsXF5GJNeI4zowka5wfHQqLVVTb03uNUzWDQrBz7579vnXe5jPvBrRkcvLVo6ellnmryk3Kh2BRuc6y%2F19FSoNE0w3Ho9%2FP8i4XL6tTjCR7GOGZTwR45Wy6%2FV8jwTFGW8cPxzqzqtNWdxQJBSkUmaakpIKOknNwpxVt2AfAtewP0%2F8AXibwmhZdXyaa54%2FW1ctkXDHPd6cv%2FwXk4i20YmXDd1%7Ctkp%3ABk9SR_bro_nSYw,awesomebooksusa,408362,98.0,0.0,Free International shipping
Value Investing: Tools and Techniques for Intelligent Investment - GOOD,7.54,Free shipping,"second.sale (3,210,426) 98%",https://www.ebay.com/itm/256445969995?epid=74125384&hash=item3bb55ef64b:g:9qEAAOSwZWJl80ci&itmprp=enc%3AAQAJAAAAwJYTtNtcHj%2BzrjNBk8hAjh%2F3NO68AfYe8tSnA9WKchXcLJzeZHEtGyaVcpx9OFNhYLXj%2Ftyv6ullU7FfUsY8xAeq4A8G0gQC7cC%2FqXV6F%2BfVBlv0%2FiTaUveF9zlcjplrssl0XjaRYsTS%2B8%2FNKqpFowcstmD3cvFgcFegZkme5OimtUoHq1E5JDkCZAhMZK%2FDIc5kJxIfMclrXHFVI5xz6O9NP4AJlrelF4Mt5xCrrS4JVtSyWeoFV3ev8rqdC%2FpqFw%3D%3D%7Ctkp%3ABk9SR_bro_nSYw,second.sale,3210426,98.0,0.0,Free International shipping
"CIA, Inc.: Espionage and the Craft of Business Intelligence",5.78,Free shipping,"thrift.books (3,540,506) 99%",https://www.ebay.com/itm/145054497454?epid=1957390&hash=item21c5ebfaae:g:~uQAAOSwXOpf~auR&itmprp=enc%3AAQAJAAAA8M90izcPwu5HmZZPetQ29wKKo0CRqJlwGU17cBRQh0BXhcETluAnSaDzlZRCfyVHTMhyTNXkO6ewva3uHlsv3iViog5u2K%2F1BbHjwksNzdxeNHi7NdWvhMfr24Gruis8RdgFRThKQIlQkOlx3JO3f7q3UYRnzQZO4dHAWm3PIYKoJdTcmk2qzs1f1J08NDqB7LIbHT9zX%2BNg%2B%2BE%2B3U5VTL8bWhnlkFHgJVTxi8inz%2B030u1s2MHeUL6EV%2Buie61Q0LGeFXhxyPT%2F5vqiy3VShIObHc6jdeYflO9v4Ldw0X4eccU%2BbFqP0z8EikAUkzPUSA%3D%3D%7Ctkp%3ABk9SR_bro_nSYw,thrift.books,3540506,99.0,0.0,Free International shipping
"Business Intelligence, - Paperback, by Sharda Ramesh; Delen - Very Good",54.9,Free shipping,"booksrun (73,601) 99.1%",https://www.ebay.com/itm/126011847816?epid=234980104&hash=item1d56e43488:g:JH0AAOSwwXdkrtSA&itmprp=enc%3AAQAJAAAA4FJ8HYr7W%2Bq2yCOEixlcjh%2BuN0GGT7LW8DtcK%2B1waTe8klky3CMCQfPfW2uNYxYVcgF1ZETlruWCRdq3%2F7IT%2FM2y0--VjNnqN1gfSceEOlhc%2FJ3DHeJd4h53pHzvHfEVjrhK4zUBvvLcTMBkcxFsxZIitjWtO6xe3n7zpIrQ7EQJ5%2FCAXSnFxVRqLjuNvQ%2FuAoY8Lp2lNXzlGI1XY5bGBVhvPFzJnK6THUz64PxK3NDhhXIpKBlMppilh9tFtkPc1oycd3%2Bm1k59Xa0sBAdtIJd%2BLCMXWgu1W8GtO7yPKkQy%7Ctkp%3ABFBM9uuj-dJj,booksrun,73601,99.1,0.0,Free International shipping
"Business Intelligence, Analytics, and Data Science: A Managerial Perspect - GOOD",52.22,Free shipping,"second.sale (3,210,426) 98%",https://www.ebay.com/itm/264569781506?epid=234980104&hash=item3d99967d02:g:OTwAAOSwEjpgnP3S&itmprp=enc%3AAQAJAAAA4PEfg6t1bUjDvfNwIP%2FrnlBaK3gsGTtkS1%2FxDj74StwK%2F6dTmjkty5aQNnC93OJuY3K2WPs%2BS3Nou1ZeDOnAkPQvCspqdz4TrrHh7VyrECT8MBHpWTIQVR3nJeVeicvPHKiXOqPKjbCRVTmzA5x2QWTuSMkzByguZe5%2FFmFrn5bh66%2FerfQDOBh0quX3KY8yjpI%2BfztuWIcBHBb0yBR09VXNTtZpcSmWOiDxWsGURVYXfGb1PyjOHwgMiOIvf15MhI21Zrz%2F6fjsa0ZixzLw05OLq7diMH%2BhlMVtASGKm8ZK%7Ctkp%3ABFBM9uuj-dJj,second.sale,3210426,98.0,0.0,Free International shipping
"Business Intelligence: Practices, Te... by Sabherwal, Rajiv Paperback / softback",11.12,Free shipping,"worldofbooksusa (1,069,874) 95.2%",https://www.ebay.com/itm/394862644303?epid=73876564&hash=item5befa5cc4f:g:llYAAOSwjJVk-HYO&itmprp=enc%3AAQAJAAAA8BhhzPqiXV1i%2FX9bnp6qFwyMGNQv9rTH7IXK43AnEjPsKmWGMG0oKdOYHKvBLUVPrGhvIhaj705ppiE%2FnvR%2B8xF%2BxHLSQ5IN7%2B0lVguDYyv%2BYfA7c1LGaKnPWNBmVOX0eiVJphX0KsnNvsofm8X1%2F4TUSeHE65y%2BfCMT0ve46i0zNEtlwFSUNFQ9D9oaHk7qT3TGfEiTU43jOWgBrEQ78U08ir2QOgh8RnQnb7MO5gqjtiPgvxPoY9k0MB6nlh1PS4NR%2BAf0hSJN4ebfL4TXf1LeQrwiyBDIwkv4KXpX0C7uGoYONr%2F2o1CpRLIrpM5Gkg%3D%3D%7Ctkp%3ABk9SR_bro_nSYw,worldofbooksusa,1069874,95.2,0.0,Free International shipping
Business Intelligence Guidebook: From Data Integration to Analytics,28.17,Free shipping,"zebrasbooks-2 (3,101) 99.2%",https://www.ebay.com/itm/226069837978?epid=13038274983&hash=item34a2cff89a:g:q4IAAOSwKy1f~a5A&itmprp=enc%3AAQAJAAAA8E3vrWb%2FukqMSlUtLX6tjiv9NLtLpe4py8VUCF9cw7VQXBjDyrqXGdzZkaCZDT4KWNuUk7NO38alulxpSmbcWZfeUv3PT1%2FMmP5t%2FT5rN2K8e6kyYlbee9O06IYcb8gbl1fSvFmofjuAzZR3sM3eOAUL2wycT3yjHjLqKC2YzBToDYgzd3CZuxHBJ%2F0M3NI3ndkYcVhbxZPWClk%2Fi%2F7A6%2BGTtgHFjAr%2FCvYDMycxzGKgfsvo7k5tzKQ9UzkF3wT7OXvWQe3FPe53lK0WqKCaeWA5rHvvRp9Qo9zVWzFlKrjSEtbI0P84LxF%2BsN4B7O816A%3D%3D%7Ctkp%3ABk9SR_bro_nSYw,zebrasbooks-2,3101,99.2,0.0,Free International shipping
Business Intelligence: Making Better Decisions Faster - Hardcover - GOOD,4.84,Free shipping,"second.sale (3,210,426) 98%",https://www.ebay.com/itm/266077798362?epid=2183946&hash=item3df378ffda:g:KD0AAOSwMY5jvJ6C&itmprp=enc%3AAQAJAAAAwDUtjDMd25JXc9YJewjrjm8CsGgGHZAAWvPJ8JiO2oLj6DM8k6BlfJ%2F1859c5545jZzqM20eAcBUXtfkApHcL7%2Fwiq1RYKrqFTSCq6fXhtXyakmBsf1Z4HPqHOM9uM%2F5A%2F2T54iRdvs%2BCiovbaJpAm9Xugt5Sol1j8ziZKoWGrVNJOZfe9IsAlr3dk%2BJF1%2FqiyomAcvO1gzpzmRmIv084EZYWVjnsbjXNs5q%2FGjUo9lS8pPr587jYk0vNrCPXnfNHA%3D%3D%7Ctkp%3ABk9SR_bro_nSYw,second.sale,3210426,98.0,0.0,Free International shipping
The Intelligent Investor: A Book of Practical Counsel - Hardcover - GOOD,5.48,Free shipping,"second.sale (3,210,426) 98%",https://www.ebay.com/itm/254534093487?epid=19601&hash=item3b436a0aaf:g:lOkAAOSw53Vgo3DP&itmprp=enc%3AAQAJAAAA0Ir0eCs9vWLS42dwpuP8O5pmNwGjO%2Fkq2BYfRLaIurQDUXYkGCOV8upQ9LnVzNz6HqAS9Iw%2BuDbdmJc0m7ExvwBLLNxNiVpvB8R90Wfa2A1R5qW%2BB6gtY%2F2D4CoSemNGRkzio%2FhbUvTICgzkuaEykFVCHLp%2F6bxXBsDf95%2FKKd06FYfr6%2FcklZ4w%2BLiH5V3lF%2FbssoUuCjAV%2Fg10X2HHIQ%2F4be0v%2Bj2y3%2FN4%2BkLuBQnWL%2BFrVmQxCVXIJcB11mbJJ3VX%2BxSfC2Hhcz8XBPvu%2FPs%3D%7Ctkp%3ABk9SR_bro_nSYw,second.sale,3210426,98.0,0.0,Free International shipping
Business Intelligence : A Managerial Perspective on Analytics Pap,8.28,Free shipping,"betterworldbooks (2,597,929) 98.8%",https://www.ebay.com/itm/226031223509?epid=177518183&hash=item34a082c2d5:g:ex8AAOSwmrdlbwyO&itmprp=enc%3AAQAJAAAA4JiD9mzpDz2Cxd8P8jzYR24X0rufDesolKyyhmei5DKN%2FDlv5B5JxL%2BdP%2Bw13zZCHUAz--Al2%2BXhhOIeEtgsPsX6ZSuDgzBAUC8jJmeTTj2JwT74XGwKhSzqo%2BpPhFczDwRpIZu7fyXfSoSIDisj4i%2Fk16CmFdsKmkmFiGvS4iTyCOrwmRpPPRCoeOGO1Ck7juRWijgZjiNJA1sDyqqWHotowMaSsHfl9MTWIBU9HY4L0yDDVaBbHGNNHIZBCeZeyJozWPt4yerovBvhPIoaiOrLtIx6J1bvBuCI9exkTw0X%7Ctkp%3ABk9SR_bro_nSYw,betterworldbooks,2597929,98.8,0.0,Free International shipping
Business Intelligence for Dummies Perfect Swain Scheps,5.89,Free shipping,"betterworldbooks (2,597,929) 98.8%",https://www.ebay.com/itm/226069021814?epid=57573308&hash=item34a2c38476:g:uZEAAOSwO3BlS3qx&itmprp=enc%3AAQAJAAAA0FdNFHPmlaiZOTX3SVEKT9muzwi0CD3aC%2FdVsAk%2BYQZb5lcXvlo5fsOEoixhtSf%2BZlnEFiR8do3E75O%2Fr5qM3rZWkLKke%2B7WFRePsGONpztCmQ6koGbjLqQvafRi70P16qMvuo5x5ikW1X00SHBTzUFag37V4MtOpuNLINj2cVkyybfqhWGkIpTb6flddUansIdklYahMC8kezF%2Bz388k%2FR4m6Y98Mq7xAUyKQHNU2JU4oxLShYiCv7eq%2BlzbmYpDTRD5HaDyzr8P5S59uQ0Kwg%3D%7Ctkp%3ABk9SR_bro_nSYw,betterworldbooks,2597929,98.8,0.0,Free International shipping
"Business Intelligence: Data Mining and Optimization for Decision Making, Vercell",10.16,Free shipping,"hpb-red (25,818) 98.8%",https://www.ebay.com/itm/335293586423?epid=64449293&hash=item4e110e1bf7:g:GTEAAOSw7ahf~aHL&itmprp=enc%3AAQAJAAAA8No1VTi%2BMuBZ93bwnYgH1jz95S%2BPQ3%2BTCVjSz466fu6y7snIKMo4fbfbQeH2wjwx5fBf2kUraMoxzArbVgst3zwtwh9QlZE85QGF%2BrahB6tWA5DkNvMM7ZmMNllIBC%2FzGrW31mnrKoqRKe8wtwTfPvZfpkd3%2FmZ9Y5%2FrSKP5KHuoqrxGfRsz1zCrHabudOdTGfDRJqnTv6EEePc6HCFhjIRmdmRmKRYQrHUsY80We5bxpUpPNSpFt8i%2FpgKcoY1IgaRChWscCjz8ohYc8Gz7rtzy5EopecZk%2BldEx8pZkn8bF9hloQuzh8cZbCYxUk7z4g%3D%3D%7Ctkp%3ABk9SR_bro_nSYw,hpb-red,25818,98.8,0.0,Free International shipping
Successful Business Intelligence : Unlock the Value of BI and Big,7.99,Free shipping,"betterworldbooks (2,597,929) 98.8%",https://www.ebay.com/itm/276311607521?epid=28038206331&hash=item40557488e1:g:OwwAAOSwEvJludwx&itmprp=enc%3AAQAJAAAAwIwD4yXCZwzNMDz6Flfa8x6G%2FP%2F1BwB5Y417YkVhVKZ1KSyw0zMMX4pUZvtnYurTjkBF4sbuQVXsi9Nn1R2185e79X972eIxh9WVjpAOwne%2FvacAp6D%2Bt8dfkMk1NAj0hDDsK7Gbz%2BPopTU1aW22aGf0W6%2FQWAuwnNpjfbpB%2FwZibnsYwinO22RlanwmrQT9CP9wmX4dMGXY5awF6nv6Gn5xJwMX48NC6w3rT9ZDHMmJSehFS9Vk06rdB1MPK7ifUw%3D%3D%7Ctkp%3ABk9SR_bro_nSYw,betterworldbooks,2597929,98.8,0.0,Free International shipping
"Business Intelligence and Analytics: Systems for Decision Support, Turban, Efrai",21.96,Free shipping,"hpb-red (25,818) 98.8%",https://www.ebay.com/itm/335285570144?epid=177509068&hash=item4e1093ca60:g:j1YAAOSw1rBf~yy9&itmprp=enc%3AAQAJAAAA0B4NoSz2bAFZLxqasUKC70%2BqM0Q7B1KvBmKT2coNuCSoYFy2YHBRR0Yn8usPMMptVsnba0N7XXcVRqvG8vJ17EgJgw66JcuZ53REkie5aD0KYPhDT1nxJFx7iUxLdoQPUXFffTcnU7kTXKOaFwXO%2Ba%2B%2Fb%2FdP46aGjB6k3J25%2BhIobBf8y5PxBwXMsIpJQjbN%2BnbyYUw9HEQX1NWWcvhX7kGNLrsNeCU%2BUblp9WXcfHJAt2hRHhVtMX4gHifs5Lh3AledLpwHrUrP0zylFqfrwek%3D%7Ctkp%3ABk9SR_bro_nSYw,hpb-red,25818,98.8,0.0,Free International shipping
"Delivering Business Intelligence with Microsoft SQL Server 2016, Fourth Edition",6.44,Free shipping,"texasbookconsignments (8,013) 99.9%",https://www.ebay.com/itm/156085703294?epid=221377722&hash=item24576ed27e:g:FmAAAOSw7~5f~0wS&itmprp=enc%3AAQAJAAAAwJqXnifWYTtQSWQzizs96qSzzdhX5wFkixZcl7wXXrMl%2BLgCbY7zyu32HrmmsxN0U2wN8RWUjEGMv1pavLjyPxQZ18UmqufXoD5GpM83JtCh0%2B0Ezdpjm35NwPItaQ3Q%2BCprRnJHlwe68Y1oZLPLAxTFeJ8sr8HUBLMbjWiwbxv1FuK2qN69WrplkIXVy4iwlSL2pKd%2FVEJPGJ%2B5MDKBwbRaAzV1Ho7i2zcfkQbvVJU1lJloU%2BGJ446OIBmyj3emnA%3D%3D%7Ctkp%3ABk9SR_bro_nSYw,texasbookconsignments,8013,99.9,0.0,Free International shipping
"Decision Support, Analytics, and Business Intelligence, Third Edition, Heavin, C",11.82,Free shipping,"hpb-red (25,818) 98.8%",https://www.ebay.com/itm/335299303813?epid=215404228&hash=item4e11655985:g:ukUAAOSwArxf~mhv&itmprp=enc%3AAQAJAAAA8KEAECXXg%2FG0zhkM3oUldRxQOqswZe%2FbWgQe6oy9JW4HcoJQGgvpomm%2BxNCWUIB4kkx4Kvp%2FkeB2XReMGk7UELi0zB94rdaLwpN4Pk2Ykox7Iyjxq5S3NDSMf0fZO3iBuY7haeRWqTcxGycEb0GkBbkU5FZrZuTH5V9ct4CUR6EnoHqN6UQ5ak3AH%2Fe%2BVGroCr2Uur4z9wcScoIU%2Fn%2Frud8HAMtbUMh0mVgJdpF7vEPUpZ7cAa1a8%2B6PxtMOUD4cJae6r1kkWyv5v1itMc9nEowWHhyOtUFzm6PUzT6hWwFUOSFWa%2B2k3kPN54XLcJNNEw%3D%3D%7Ctkp%3ABk9SR_bro_nSYw,hpb-red,25818,98.8,0.0,Free International shipping
Business Intelligence: A Managerial Perspective on Analytics,9.2,Free shipping,"thrift.books (3,540,506) 99%",https://www.ebay.com/itm/375246815615?epid=177518183&hash=item575e74017f:g:nDIAAOSwFVVf~ccu&itmprp=enc%3AAQAJAAAAwJ4YmHVczIjy%2F4sdKkQu%2BPTo%2FWEC2cfUujtgQX8zufrUxoOo8S6jkTHBbSlJAmQcEWhEuRbXC%2FhPweFmiar2SCdqKHAppQclsw%2BiVg6t0swO4X7plssRN9zAqGcv5QXj%2FRTWe47z13A%2F1nHuorcRYJiJsD0wSp7GjRe9%2BISn8T9zDJTv0cEU4m72lUNh%2Fn9rYc7VYVw4uOgLmwVskyhOWSlqksV1PFXSfHHSFHNb1rZan6s1hCQrCioEFuQi9UNaqA%3D%3D%7Ctkp%3ABk9SR_bro_nSYw,thrift.books,3540506,99.0,0.0,Free International shipping
"Business Intelligence Guidebook: From Data Integration to Analytics, Sherman, Ri",27.21,Free shipping,"hpb-red (25,818) 98.8%",https://www.ebay.com/itm/235461558873?epid=13038274983&hash=item36d29a4259:g:q4IAAOSwKy1f~a5A&itmprp=enc%3AAQAJAAAA8LVBZSWrbcoVA69A6N85CEV5ax5PinWRfAiFZoSlPDstIBxv7utmCgLvy2VCT1zxk6lyfR43Y2fF2qUz1DEUYJQbgZb2U4kVpzuV6QX%2BYfCkq6%2Bi1Yq6x4QrkvwricZ9D93uAOn%2FwoBAr8D%2FB%2FIARdYnz5lI9LkX802zm617CCvGNa%2BH5xgYvcR85vSxSecP%2F94QadXIpfPDyQB%2FcOevHRYdfpGwVyPjMH9aX6ZFC5juEctQcfBwGvSaNr5jwOtejddaf2LQNF4t2xl7WI%2Fin7iJErnB8yrvHwpBiti%2F24pv1cFZTGZ0qWACj%2BBLUIAwqw%3D%3D%7Ctkp%3ABk9SR_jro_nSYw,hpb-red,25818,98.8,0.0,Free International shipping
Successful Business Intelligence: Unlock the Value of Bi & Big Data (Hardback or,30.0,8.70 shipping,thodgez28 (679) 100%,https://www.ebay.com/itm/176307454116?epid=28038206331&hash=item290cbe40a4:g:nukAAOSwmGdjxt9M&itmprp=enc%3AAQAJAAAA4K31fWBnAxR5afHpPbwwew9r151jAF1RIYIZw5OQAGsKfsnFZqGGiMEt4lApvq%2FR8BRRrM1pXwXgUOmmtYmFoaGikZL6bsXTfScRZnLsujcuMoODAqnr5b1m4kxbXRT%2FVN5IX6TejzqyGVOHuFRxneBC11Ma2gpAfnmwwMtcsmMhWeKh0r%2BiApxt3eujRIHRvk2yFWvWGAcnpxBmVmoExcLGJQpQVaCreSXhdZHk8QbQiu%2BIjSI6dL9V%2Bw%2BAjjHBhKR2bmNZyG69aCh4m38Wbqz1nqGo0vw%2BasOzml3vvaIP%7Ctkp%3ABFBM-Ouj-dJj,thodgez28,679,100.0,8.7,Paid shipping
"Decision Support, Analytics, and Business Intelligence, 3rd Edition by Daniel Pâ€¦",14.99,4.87 shipping,"homebodyfinds (1,562) 100%",https://www.ebay.com/itm/124512949492?epid=215404228&hash=item1cfd8cd4f4:g:EJ8AAOSw~~Rf8n9i&itmprp=enc%3AAQAJAAAA4GD0oyPz%2BzNveOXmh%2BAwNJBaZ6VU04%2FZnWRSGGLwTiW7n4vhNSOxHkD3VsWgYi14fSOYg47V9SrDAtM4YJJTgf4uckf9P5XsSabrWD1caecrq3Qs%2FBmnkro0IMOlDKbkg95%2B%2BlahPeTD8OWdD6wWi2mTrxxyM%2FbWLp66mUNW%2Fx8yLKEziyAhQNC2uFKyUbE6xn19vuPzfhgDGdJCnkjKWztoPj3TiYLfaCZK14whM2gUgpBOMGOBBtzF8Xrl9Qu%2F9%2FRy10g%2B51u4gJM85eoIwxvQxjElU%2B4Zjh3iVRAnhhOE%7Ctkp%3ABFBM-Ouj-dJj,homebodyfinds,1562,100.0,4.87,Paid shipping
Microsoft SharePoint 2010 Business Intelligence by Chuck Rivel,33.92,4.87 shipping,"sch-8076 (1,375) 100%",https://www.ebay.com/itm/295142577933?epid=99657183&hash=item44b7de570d:g:rN8AAOSw01Zi79Dv&itmprp=enc%3AAQAJAAAA4ORl0JPqKIWyCcg4sYMc4skpGX7p%2FllwN5TSG%2BhwUkJeUpW7wd94W5RwGFovVkeHw4UuURjCyVE8sw48%2BUrMjWXeLASsW3Qnd7ZUid1fGz0pUpBQiLwjdwdsZD6DjKKcLVMRQuwWribzDQVCaiJ56u1SyrS1b1dlz1dYa4ND%2F0AiFBS312VPz51jE0zG%2FFw6R8rjOsdAydEHJbfoEPrKUIgTvqWRWnXrErijDyfuwXz6lfejFQWX4E3X81DFz%2F6QgBd257nu4kHZwECLrWDcRVh1inuTHKMqVOb996Q91oPF%7Ctkp%3ABFBM-Ouj-dJj,sch-8076,1375,100.0,4.87,Paid shipping
Power BI - Business Intelligence Clinic: Create and Learn,14.99,4.87 shipping,chev1967_138 (575) 100%,https://www.ebay.com/itm/186043394348?epid=6038529204&hash=item2b510ce92c:g:XQwAAOSw3gRk4rdm&itmprp=enc%3AAQAJAAAA4I3JVMbq8AJ4iR8sQqYXW%2FBBG1OZDgXKiNfYam1OQKMdZ%2BtVXYOQU26F6q1hg6zZp1pLqYEjwKCBGsVKwLR1lugVQWn91KUBVHO7MYYBcmsbiVDmYP9kXdvbR1I1isyxlkqzsX2rPKUYlFiCTsDWUHgnQmn1ak9QDU2yXSmyS21eAFjEa9x%2FmIsMsuZ79scqDyy2xhdQGMDeo4AmUt7p%2BgUiVnw1%2BVzUqdhIiRaSejrE81cgsCuCVOmLwyQfKJvn%2Fyo%2BWpqUI6ub535QUi%2BDTOPiPVu2ToIj%2Fk%2BVsndQ3DC%2F%7Ctkp%3ABFBM-Ouj-dJj,chev1967_138,575,100.0,4.87,Paid shipping
Business Intelligence and Analytics : Systems for Decision Support by Dursun...,20.0,5.61 shipping,simthegardengnome (175) 100%,https://www.ebay.com/itm/116045462856?epid=177509068&hash=item1b04d93d48:g:j1YAAOSw1rBf~yy9&itmprp=enc%3AAQAJAAAA4PBOtOnhc6oKNZwvTO9cw9aO8NZ1Y8akJ%2FpVLxXi1DUnyrzj2iFuXvzfuDYBPFVV7PdJI0j3N2Di9CdqtX9b2UfOKHKz2aQgJ6rUO%2BEDO6Cjo6FKF76RCu2CmcKBsSCJRVTpmCJwS0SiSEpkQzNKIlWspHrb0kVhPp7SYp5JzDRWCbU92mGYG9FtsqhbJVqMVRbFJ%2BWmxNGqL3enwuFYzvmo4ocY2iNURSZHVQvkaImIrwYffmSolhneH1Y3wfPVDzHaw7Gcs2gy2rbc27ZaxLSLINTKqlWo4E38SIInsELh%7Ctkp%3ABk9SR_jro_nSYw,simthegardengnome,175,100.0,5.61,Paid shipping
"Business Intelligence by Luckevich, Michael; Vitt, Elizabeth",4.85,Free shipping,"thrift.books (3,540,506) 99%",https://www.ebay.com/itm/145684038840?epid=2183946&hash=item21eb7204b8:g:lXgAAOSwxmZf~nHL&itmprp=enc%3AAQAJAAAA4Po6DeZ7%2B%2B%2BLh23mTqv2z5Lw6nELjthOhz0RNvm6b8rtIZgxH4wrxoqGYwgTVC31MHU2TAW%2B8MjJjcF7tdwZVJ4clMup8rnwfJqVtc%2F8knyYtzvv%2FAGT90k%2FVr35Mwqg5%2FVCpmY45bhaioIYl2C0MKJdcvvfQ4G6SwMu%2F%2B9wNFijGN9l1gzFgQXX4ZwwS7c2ZvIQnqmSaZBANiKtH7PnL2yNyTglEF3ReIhDJfq%2BKNEM%2B4PPIvw2tjuW8MWtDiWkyWB4eH9rqVcDqNzHFpmVeZAD2%2BsSkc0luhQ6yFrFcZPh%7Ctkp%3ABk9SR_jro_nSYw,thrift.books,3540506,99.0,0.0,Free International shipping
Business Intelligence by Carlo Vercellis: Used,12.74,Free shipping,"alibrisbooks (406,750) 98.5%",https://www.ebay.com/itm/364047165849?epid=64449293&hash=item54c2e6e999:g:1BQAAOSwKsljb5hI&itmprp=enc%3AAQAJAAAA8Dq2YqGXa5fXmtAUsNA1x1E2h0bxh381emmhIbxuLsbpxZDDlOc0VTWjTJWkEEuRnGbQADdCqt%2FodhmWhS38WN9UiqZgSWfzm7%2BbN%2BM%2FJpoDIHMc5Az7C8CNey1SYksu%2Fbpp%2B30hisGpc1Xjj7xC5Q0mH7IH4fqJnmBmKQ%2BKhtGSAk6IWapp3ngBqMZMHm0u8KhmtR1AJTCxUO7uje8GaPq9J5LzDZrrMOqrCBhH8b%2Fec4FOeVG%2Bhje%2FDw9mwDM7b1G9QuUplo1wYUf73HsORf%2BHIFJXb%2FUF7sIGZ7j5fJHZF1SyZox7f3U6wMIwvclv%2BQ%3D%3D%7Ctkp%3ABk9SR_jro_nSYw,alibrisbooks,406750,98.5,0.0,Free International shipping
"Successful Business Intelligence, Second Edition: Unlock the Value of BI & Big D",8.49,Free shipping,"goodwillcentralcoastebooks (38,424) 99.4%",https://www.ebay.com/itm/186308610459?epid=28038206331&hash=item2b60dbc99b:g:VtEAAOSwTNVf~8x0&itmprp=enc%3AAQAJAAAA4DKu%2FLBSaFYS68MN5xRe%2FOnyesZ9YBkV6FUpSqKp8XF2Ld4dAUzGVndjWl2tIsEQx9kA0v5%2FfKlRAHl2j0sdjFNX4arf%2Fd6p6OCDhocktnaDOcasOEawn%2FIkp7W%2B1N5JDc5MWHb7Nokhiul%2BmVEprQUUL%2FnmLIoGPFZQmf0KqzDlus6e3M87ttM8wTSMwuwSeRb0Hhfk%2B6U59G9JvT8IapncuJPSjU%2BJg51Mr3%2BvUZIe5VMUbbzsSBJRxudenG%2BwHPfZi9qzvD7O66ZEAbVtW5APRZJgdn866fvcJ9KwNXA%2B%7Ctkp%3ABk9SR_jro_nSYw,goodwillcentralcoastebooks,38424,99.4,0.0,Free International shipping
Business Intelligence and Analytics : Systems for Decision Suppor,22.7,Free shipping,"betterworldbooks (2,597,929) 98.8%",https://www.ebay.com/itm/276344417105?epid=177509068&hash=item4057692b51:g:V1UAAOSwBmtlXZN5&itmprp=enc%3AAQAJAAAAwPPgwC7Dv53nXwHwimJs%2BVuEUrCD%2F1hzXVr4m6k6VvCsPmuFsdt4P8E62Fo25U8VmmIhvZZxljEF9FDUADdEJxbRgYbApUCSM7kyEJUb9Cv0CDVwG9qvLXfIjYc%2BizrYCUzlBkm%2BR8xDA5mkBp9c9RvjDah3nH%2B6wPZJTrbTpT2ryzqhrit%2BaF2b0FqGYsd2nXV53pmmfNpNSyTrcnM7n5hqqllxgaFO9cUcAIkdlA67U0sgEeOjNeEhjt6gUF2%2FEw%3D%3D%7Ctkp%3ABk9SR_jro_nSYw,betterworldbooks,2597929,98.8,0.0,Free International shipping
Business Intelligence: The Savvy Managers Guide (The Morgan Kaufmann Ser - GOOD,4.98,Free shipping,"second.sale (3,210,426) 98%",https://www.ebay.com/itm/275230104696?epid=127331821&hash=item4014fe1c78:g:sW8AAOSw71NiPHyj&itmprp=enc%3AAQAJAAAAwJqrkyWcqH1qOVsRHldmrGe99bDpxjmBXfQ32pt30EqpUl%2BIrrVx0%2FEhEUaXPwACnrIpoANpZ8i0HVO24jApX0vjB078wkryB13vlsZMVblgl6JE9ZF1N%2FrU9b8UmeipVXHO7ksz1y73y1S8FAojqXkWOxA5htbZkGOrRpkWYDjw9exAEHUKOYrtDbBWETuNGpL8x2JeWxhSFyKK4zJgJcrGHFJJK%2Bu%2FGJIFCRlUbBMwfctUGuwXfepO1JZqWCJseg%3D%3D%7Ctkp%3ABk9SR_jro_nSYw,second.sale,3210426,98.0,0.0,Free International shipping
"Business Intelligence for Dummies by Scheps, Swain",5.89,Free shipping,"thrift.books (3,540,506) 99%",https://www.ebay.com/itm/144342146371?epid=57573308&hash=item219b765d43:g:c50AAOSw-OVf~ivl&itmprp=enc%3AAQAJAAAA4Ne%2F16jNYYXwFoTPinV%2BNDOEW2yysHncHEBgEXpkdu%2BQX8aB3NjsjhYIGuU%2BOSPCDkyPTqZ2jXbhwVFu9VFILijLy%2BGKBHHVxCsS1S8keIb7iqTdXatguISBgRYkp5iHn091ZyJ8fmqUogvlwutWoyF28n6P6%2BP%2FVt0pFPzNd8Tkd%2Bm%2FEFjb3URnVZdva2HR21pFSgJ0ZlLyRo%2BCl%2FCJ5QYdknSK5cE9atriw109GsGxx7wcLdm1ccv2yW4fK0zaVFDdODOLz3CcKbhzjvb%2FADTMTqs61zSP6Se0k77yPjsV%7Ctkp%3ABFBM-Ouj-dJj,thrift.books,3540506,99.0,0.0,Free International shipping
Business Intelligence by Efraim Turban,7.12,5.61 shipping,libertyresale (518) 100%,https://www.ebay.com/itm/355419778245?epid=3038675118&hash=item52c0ab6cc5:g:gN8AAOSwVHxltrfq&itmprp=enc%3AAQAJAAAA4B2Tt4tgE9EwitUZGPZd4OZl6SkfWaektDTt%2FFFX014e3yCyqOTQZf8Fgx2xciu1FT1Q%2BOGh1Ydd00TU0huDnoXq90PmiNu1Fj30WbuDRj6FlTNoGOQGALsNpWZY21HlgL8ZzcGnR0SRrYop%2BCIfGMJp5f8UFNPLJt6TVoexLYJqShwpQO%2FKEYbiJtZrl%2FWCKJJLWLUnw3JNVEOqgYen0ydMQYWgLEXmraD0bF9uYJQha%2BgJ3wbqnIeijFIY8Qpl9Hs%2B3BEjL8vPGt%2BE2n6njs5HJ97LWLbQyC6OEosTyPyE%7Ctkp%3ABFBM-Ouj-dJj,libertyresale,518,100.0,5.61,Paid shipping
Value Investing: Tools and Techniques for Intelligent Investment,10.06,Free shipping,"goodwillsa (65,404) 99.3%",https://www.ebay.com/itm/276358954688?epid=74125384&hash=item405846fec0:g:OY8AAOSw6bNf~sVo&itmprp=enc%3AAQAJAAAA0HJHpIVAnJyCk7nF4ygTSNNSxwOJiA7ceeL27kemN%2FFkozdJNuw0zExnFDGQSyO%2Bh3758UBLVn7JKlPXMmslNnDQIB4i0EQlPFL5dXjsYm344W%2BI5OLMu7r44FSPYBvhHLOQpt4bIprV%2F1iZgVQ2CHdHgem3EOxh30zift4fFu51mNOI4UR7sf0vZgRqZhzsLgX1cCJ9sWQqhtmjt4Nkp1kSbibryKVu04WGcUjz%2F03TjNgiuOm4VOe0ebJ45BL%2Be8gfECryB4reAvx1mBqpPp4%3D%7Ctkp%3ABk9SR_jro_nSYw,goodwillsa,65404,99.3,0.0,Free International shipping
Microsoft Business Intelligence Tools for Excel Analysts - Paperback - GOOD,5.48,Free shipping,"second.sale (3,210,426) 98%",https://www.ebay.com/itm/255842463905?epid=170078941&hash=item3b916630a1:g:Q0MAAOSwjG5jffWn&itmprp=enc%3AAQAJAAAA4Di%2BDeUcNCKuIam3xyYKBcRzxUiftPKcnhyBcc4Zojw%2BrkSfm46u2szG6xboZKiWyNKFY7DH%2BfrzfNtofes8%2FRdIN2IzymmzPa9bRklkda0DWBN7Q637O34gelp8RumzL4LBy8c6jnhnoPNw%2BNshhzgj8XpqScW1lK8pd48Y%2FvLPS8YTW72q%2BjaxplU0dqx5d%2B8zas4Upb1wTYga%2F7O0pn50x1YcEOTrpXSYRTDQvk4yOmLXS9L9LO0QMNAgXI%2FKgNvm7A2MSc1ix4A0y2D9BYNEzMh9aEoW5kW%2BUEf518TX%7Ctkp%3ABk9SR_jro_nSYw,second.sale,3210426,98.0,0.0,Free International shipping
"Data Mining for Business Intelligence: Concepts, Techniques, and Applicat - GOOD",5.33,Free shipping,"second.sale (3,210,426) 98%",https://www.ebay.com/itm/275385011055?epid=84462963&hash=item401e39cb6f:g:uuMAAOSwO9Bi0PgK&itmprp=enc%3AAQAJAAAA4C0DCG1BWcHfcbluWtMNUeAYFHfup4GR0mYKuk4r6jA%2FGCT42Q%2BoL%2FdDwpDmrwVseK%2BO3uWWVbRBlhxh7lc4bZxM49FD%2FwHyZiB0EaP9H8hVlQJUlOpD183PWzI2Bt4xuat3%2Fei8vOmZK4AUIg%2FsuBdFwNlIIuD8STqzwmrAio%2FR6T5vbxQDVY5dhjzaqgDbi4bgdY5uxJ%2FXPMxuW4TOlQB1xE9qMPIF6jyotnxwU15WfpXjf9ulYz27ViwlB1kLjuvE3o4oRTSXhMnOEswq46Mqo%2BcbPFqKlx7uq%2FmWkHjf%7Ctkp%3ABk9SR_jro_nSYw,second.sale,3210426,98.0,0.0,Free International shipping
"Analytics: Business Intelligence, - Paperback, by Blatt Todd J. - Very Good",8.1,Free shipping,"booksrun (73,601) 99.1%",https://www.ebay.com/itm/145641420391?epid=240059687&hash=item21e8e7b667:g:SwkAAOSwnJNl4nQm&itmprp=enc%3AAQAJAAAA4F%2FnyKBIw1DmQfQ5K50pN5q3lA9UZS%2FWqNhaMgCC7NQHFoBTJKreLoKz2%2BSCD7QQF7dnfaxqUAR%2FmIWAZ7Tdlc3ze0RM0sYCsQKwSi1aR1t%2Ff16FDWGDZJZNWMrtn9NJbXPCrCYlMVWzc3UO4u2jr%2FzV%2FNq4pmVdr24%2BR3N0l0u24VEgIzmcwwugXVWVieXWGa8S7SEvLIQ8kHoAiN3mf1Jh0FrQYNmhljAvBsZfBHTGeLMBaraBlYPAwTiXuveKefSzXADlndp%2BaEaEjAnsjZDcrF%2BNo5%2FP%2Bk5JkMe08VSR%7Ctkp%3ABk9SR_jro_nSYw,booksrun,73601,99.1,0.0,Free International shipping
Applied Microsoft Analysis Services 2005: And Microsoft Business Intelligence...,4.58,Free shipping,"thrift.books (3,540,506) 99%",https://www.ebay.com/itm/145046290785?epid=46883002&hash=item21c56ec161:g:Q-kAAOSwWBRf~llX&itmprp=enc%3AAQAJAAAA4DTZ2fnYaR6H3o7zsAGgf3e9ZWWEKhcHXAEQY9kYwZXIM39s4glaVO1dL3U2X%2FbYvFnChQvMtwBnIMbJcmx6WiRA8eDGvlx%2B1Ty7Q5OsDv%2F%2BxZGlqJnoDwlP3dPoUem%2FE46AigPTb2Qj6EJbJ0gQJdvm%2BMZf%2BM1aInXIgYGzugzpmXImBjjpDb%2B9dz3Q751akk8a67LIXCSxRHxcRFBzhXA3jxqQIM%2FMihTeI0ULvqUjlyVTg81sjlDLFF%2FoQLUJTomWhcd%2BW2poq1ReUbsPMxnxuneZxKCU1akQzT0f0r47%7Ctkp%3ABk9SR_rro_nSYw,thrift.books,3540506,99.0,0.0,Free International shipping
Business Intelligence Roadmap: The Complete Project Lifecycle for Decision,3.9,Free shipping,"gently.loved.books (97,813) 99.6%",https://www.ebay.com/itm/394510856363?epid=2304231&hash=item5bdaadf0ab:g:3XgAAOSwEBdf~1QX&itmprp=enc%3AAQAJAAAA4DZCtf2vcFbdX6H7MVHTJH76eO3Pf7b8NOMul9pWOr%2FeQQZsMjDKpCuhc9FFETGuLLYAWY0445xphOrPlDdn32W3NKbdjhBahrcbZaV6rdLDvs9MKuip8hhheH%2FSHOSmhkdEvWL0eH6K97VUfhg6WDgJ4zHucs9xbjCwh5iOQH5Le9F2PtrI9PSleRXfD0DGxJO1aDiQzfqrNpakVobYV0tpsfC1nxRl6iac9d3MyJIe08ODP0zXEfhtDRKRiBRe6IEjiYlKKBS6WsmbF8%2FbsaTkTMN0aZuFxErD8QkftgLR%7Ctkp%3ABk9SR_rro_nSYw,gently.loved.books,97813,99.6,0.0,Free International shipping
Team Emotional Intelligence 2.0: The Four Essential Skills of High Performing ..,11.55,3.99 shipping,"media_access1 (1,067) 100%",https://www.ebay.com/itm/276399677912?epid=17050073882&hash=item405ab461d8:g:w5cAAOSwuqNhXuIg&itmprp=enc%3AAQAJAAAA0Na3UEupJo64XK%2F6pew7UZKerGfL77tQ0kYxgPv2QNpFsgX04hp3tgZRZa03bbpiWHb%2B1BzR39Ua6J9Q6%2F9xyigrmuAzVnDEs7BrRA8gNUSYvABWTHCMQ4xLicN3cErOiBoztHOHSADmWGZQkrp07q8Cv4Wn47APW105neQ6vQTtkA33sK%2FkobvKCr7kYIJkmtGNIToulQT3AYBvZ7K33ccn2OFpCgOu1qzeFbw4zvgU9szZ1bfaBv%2FnbXAIjaWDu89g4fJprKYoX2LN5DaSsJg%3D%7Ctkp%3ABk9SR_rro_nSYw,media_access1,1067,100.0,3.99,Paid shipping
Adaptive Business Intelligence,16.08,Free shipping,"thrift.books (3,540,506) 99%",https://www.ebay.com/itm/375314578062?epid=54247536&hash=item57627dfa8e:g:StoAAOSwJqlf~oC1&itmprp=enc%3AAQAJAAAA0B1KPyVWj%2B2CPFKMh8yzWN2jKq9ZDQvLCKS2Q3bVXKKh%2BHgETVHapxSYj6t7g7s6vsS2AKWzRjuNOyTNGohR2dttcp%2B9kKqjW3opEOsDqP2u0J%2FX4UE4gx0LZ1pnXyGQHT9GTtckDqpBewoUcf64J0PC0DMRqTNeGYkvdOLvvYBe4In8a8lTonKZ3OBJQYjApIJiwAjMyEnmyVWSqw3uAbU8g%2BzNR20Nfhlk3xCp5d5ULK1f4SB0gdqBzsESspRy5fWQYAZfjCbp4Hteivjs8lQ%3D%7Ctkp%3ABk9SR_rro_nSYw,thrift.books,3540506,99.0,0.0,Free International shipping
Supply Market Intelligence: A Managerial Handbook for Building Sourcing Strategi,15.34,Free shipping,"hpb-red (25,818) 98.8%",https://www.ebay.com/itm/335290050055?epid=23038795000&hash=item4e10d82607:g:XnwAAOSwkMpf~tfp&itmprp=enc%3AAQAJAAAA8LaVcnBtluUDJqwt4KmEQnEYCfVK4N3asph1qQUIUNOaPUHdD5lMh5Eo7RCPWeR%2FJQJkCu14MdWZ7TEcfDmbryIkSnw2xPlO9FtQpyoHf0pfAdEvyngLiYYoehCz8LCyc%2BWlaPJG0eXt8W3hjt6P76LeJGViaSvCkT9J5z%2FACZMXONyGEea2iaB4ZSVZCntPhwpDgcBKelvMYzO911P66A2piqEA2w0X9jMFeOhhWPeqcj%2FiVfHJiQjv1Hsz5jteTiBbwsvcEldng6L2tp%2B8fvIJ5vOTv3SGaMDDngUV7q8QWWkKJSn7N6B5c2jo8SpCpw%3D%3D%7Ctkp%3ABk9SR_rro_nSYw,hpb-red,25818,98.8,0.0,Free International shipping
"Business Intelligence, Analytics, and Data Science 4th Edition NEW IN PLASTIC",34.99,4.87 shipping,millerfamily (192) 99.5%,https://www.ebay.com/itm/285652438702?epid=16039064044&hash=item4282364eae:g:Y~8AAOSwe59lot8J&itmprp=enc%3AAQAJAAAA8O5Eb7g8TRS3m0vShjVi0UM4lc%2FNXcPOXihDYkjIEseuHsHnyy7K2jBfaaas%2F9lpjw65hHO6zw%2BAQtQYfjyzoAJDzt60c877TUhRmuaQ17pJLWYvSzBUzfu%2B%2BOzYXIlersyFOftkUSFi78x3S11EvHNYws5bYQfx%2FTla8IidW9%2FuGp3%2BTdNB9v87FS6tqbpVHrM3OKMif5Rl%2FB9GGf7dyDYWuizQPusO%2Fb3GOMPE5Mlo5tMyXKP3PoLiILGYu59qviX%2B2SB8Fks4Ute9dxtBQFZfLNZm0a2B6fE8AL5ftzrTGwG%2BF%2BsMiJf46vkpdiKbCg%3D%3D%7Ctkp%3ABk9SR_rro_nSYw,millerfamily,192,99.5,4.87,Paid shipping
"Business Intelligence by Vercellis, Carlo",11.42,Free shipping,"thrift.books (3,540,506) 99%",https://www.ebay.com/itm/196023001812?epid=64449293&hash=item2da3e1a2d4:g:GTEAAOSw7ahf~aHL&itmprp=enc%3AAQAJAAAA0Nyf%2FImJgDpLN3FxEb4TRt03Owr6wVgGY6iQqi8StnPL4USXoYxvOzyvVfhkTOoIZl7ag5hEolN1ONBCSB%2BLgJw92x3Ip2XdE1STTlwVvjytzO4MTnJ2EbFrQRmim3WxDJqAVev21EdBkjsYJq%2F9WHQoxQinW6Pb0YcUgoZmCUm2kycn7oNC7T0SakvaO9mK7sx38rNVCSj1%2FqCcwymQTCJhhzt6C7EYMGuTT8fgCMRYnewyK%2FfQDFnTCn0tyPkDgp%2F4LMIx9JsvjL2epnY6zY8%3D%7Ctkp%3ABk9SR_rro_nSYw,thrift.books,3540506,99.0,0.0,Free International shipping
Business Intelligence: Data Mining and Optimization for Dec - VERY GOOD,10.15,Free shipping,"second.sale (3,210,426) 98%",https://www.ebay.com/itm/256137052278?epid=64449293&hash=item3ba2f54076:g:TTIAAOSw-81krBkH&itmprp=enc%3AAQAJAAAA4O7aYUQItPDbLMCUUXi81plCrx0JgafFBBhZjPUenoA%2F7gfgYGVRG6TFaZ2FyZtgvDp5sIK7Xrr5jaXN%2BdcDw9eBfB%2B8H9zde3sQzuYF3BfTv6SBdlOg69XmTCaVG%2FR5fOdIC8rX5VkIccjWV1SVnrBMfAm5%2BTsECFC22xCC839c1W%2Fdx0j9nUJWE0Nvw3tw4ysGpHUSyhYEI3qCuIOFf8bpAdrC3zE%2FMnmHJRM0UJ%2F3T4o179%2BQ7Bk%2FjegAbY%2Bm8nElmgs6jsFBSytmKvmV50pARk%2B1ibqw3odBti9a8Sx%2B%7Ctkp%3ABk9SR_rro_nSYw,second.sale,3210426,98.0,0.0,Free International shipping
"Business Intelligence For Dummies  Scheps, Swain  Good  Book  0 paperback",5.38,Free shipping,"goodwill_colorado_springs (277,970) 99.4%",https://www.ebay.com/itm/314691465554?epid=57573308&hash=item494512b152:g:c50AAOSw-OVf~ivl&itmprp=enc%3AAQAJAAAA4E60hnfoNUlPavK37O6OsCh5g8cIZHA1U4IU9ed0B%2FN%2B2q0gf1FCD7NLkAsRFTvZs22BmZ%2FoCBbsT8%2BgAcjirZ%2FbrZ38m7oJ3bbSbpI5kSsIJFS5qMoR6SsjCpQ4gsFuLa%2F90XYGLCIEoaDqXa8ISwpIKhO80c%2B9UJs8rS896%2BsGc1haLUMTR3tzEuJ8vVCGkwUfULDj5g0OE9p%2BRB7D0WWwojEKtP3GYrdRdGYsTjFJZW7eo2GtgpO7zkUOgddkaT%2FkJMHMqlI02mCE3cn%2Fcl%2Bxj%2FS1mF6dRojyHRuni0DP%7Ctkp%3ABk9SR_rro_nSYw,goodwill_colorado_springs,277970,99.4,0.0,Free International shipping
"Concepts in Enterprise Resource - Paperback, by Monk Ellen; Wagner - Very Good",10.2,Free shipping,"booksrun (73,601) 99.1%",https://www.ebay.com/itm/404871709345?epid=99536468&hash=item5e443c02a1:g:bHYAAOSw9idl-iCC&itmprp=enc%3AAQAJAAAAwDz2I8NdQkN2qRToN0NCilrpEOYuxQpcBV0Jom5QDINarMxFvTwkwJqdx%2FV731WFixQzEVwpjNUVQdnhG8Enxahz78nU0nM5De6HpmduMHULrXqM19aAp1lCP0uJXzNpe7UgGoEoftUUu%2BjSRTWPSzuKaduKZNtv2xe2ycwAASHfsh1HDMLG%2Bbdl1NRv5ALOd8XecMiP9MxKCDFiRQCdCddNf%2Fnl0DLzzhFHV0PJTtjDbtGQxhywawKhY%2FpXvnAcSg%3D%3D%7Ctkp%3ABk9SR_rro_nSYw,booksrun,73601,99.1,0.0,Free International shipping
Business Intelligence Bull's-Eye: The Executive's Guide: Conquer Your Market an,7.49,Free shipping,"wonderbooks (600,517) 99.7%",https://www.ebay.com/itm/276042700198?epid=14038742247&hash=item40456d55a6:g:VgIAAOSwvwZf~fXq&itmprp=enc%3AAQAJAAAAwOKVF8VIoMgTdac9qbz%2F9sYn1H1A6nHvbm4%2B5p4VH5q1v2uNKVYQEXKutz40wnAwcvws6nxYC%2BrvQldEpk2kNlIaOKJX6aYx2S8nIwQ5KPaf7c5yOZuaQsiJL%2FX%2Fqoc6lOh7ur7FIrZ0nbKjUrefFCX7Fh9T5i6bQiE7g4GOXqh3vSqd1Gf0Coio760UE45fAe%2BaT5oHQd1c3%2BAwKxywpdFeUJdkHV8t4DCbkOwo2Tq%2BRMGEpOt5rCSZ1NZZybfmWg%3D%3D%7Ctkp%3ABk9SR_rro_nSYw,wonderbooks,600517,99.7,0.0,Free International shipping
"Delivering Business Intelligence with Microsoft SQL Server 2008 by Larson, Brian",4.99,Free shipping,"thrift.books (3,540,506) 99%",https://www.ebay.com/itm/195878024488?epid=66182269&hash=item2d9b3d7528:g:9i8AAOSw4edgADxY&itmprp=enc%3AAQAJAAAAwIhobr0g%2B%2FEOlASEnwJIE0omCFtEvw5qWWPeDM%2F0VvvMGOe9w3YD21xbbLI8cnRCPff1QRLbU3CgFI9%2FFCxkSzddEYQ4aBJUrfNbNeambHOS4IuZjvQK3Atx2UpF7kQ7y18Bnv3IfQNIpigfOHc1wUINhfKGDR6lAZz9ie%2BzljtoI8%2B1RhCogl2xhVAOEWscXCUDWub0lIBFTCy5dnpW0JsnsfyCR5kzXRcLmr7EXcebZwnG7QsbBkkxjAg4d%2Bs4cg%3D%3D%7Ctkp%3ABk9SR_rro_nSYw,thrift.books,3540506,99.0,0.0,Free International shipping
Delivering Business Intelligence with Microsoft SQL Server 2008 (Dat - VERY GOOD,4.98,Free shipping,"second.sale (3,210,426) 98%",https://www.ebay.com/itm/255859380798?epid=66182269&hash=item3b9268523e:g:9ekAAOSwIT5jivWW&itmprp=enc%3AAQAJAAAA4GraUKz8H7phf062GgM2MD0jE97JD45wlnYOijS3pTHjDKzMSeHIZnlR%2BvAk8fxq1QkZN4patrhRuxvaRdLTPaF0BqRLJjQe3cXIiFhS7AW0eYz3dK%2BLtVXjjj%2FrEs6JgC5pg1w5NYHv%2BKTTzuUFRfEuZkbQmlWkplWLoQNyHs0wnlhwlEccHajJZK%2FYYhiyXd2sdRm2sVVI%2BOumX%2BYQ2s79%2FenAV1lvDS%2F5ZakeS2dcAr5ecr6cZlqseIkzK5zl54nW7Qad369D1g%2BsMtWCltWTyASp7PDvQXFK8ovACVll%7Ctkp%3ABk9SR_rro_nSYw,second.sale,3210426,98.0,0.0,Free International shipping
"Data Mining for Business Intelligence: Concepts, Techniques, and Application...",4.78,Free shipping,"zbkinternational (87,099) 98.9%",https://www.ebay.com/itm/305217517109?epid=84462963&hash=item471061b635:g:uSUAAOSwWuplNt7a&itmprp=enc%3AAQAJAAAAwBo7%2BZLPSy6XWi0whsdqveIt3YTr82LGc0RCkHXppSvs%2FKjJCeRf0fiFd5Sbe2%2BIw7WZRCzmGz8DT3Tl5oIi5odk3kUZ9v4IgQNLjwB53tLB37xVuj56KIjmDVJxXOQjz5UbqbiTXZPKKdghRTUB4Lilv8AC7PdrMC5kJoFOoTMR1JKM%2BtyO%2F4%2BqhCWTffk8VPQr1eIHZ6dsSxNVrQUkFxFDKHWj%2FYqXudlV%2FOBJ6pB0wB6rmw2cqtCbJ191UEwRUA%3D%3D%7Ctkp%3ABk9SR_rro_nSYw,zbkinternational,87099,98.9,0.0,Free International shipping
Competitive Intelligence Rescue: Getting It Right by,6.77,Free shipping,"idahoyouthranchbooks (18,225) 99.3%",https://www.ebay.com/itm/386266437360?epid=234321897&hash=item59ef4616f0:g:chYAAOSwM1Ff~vJQ&itmprp=enc%3AAQAJAAAAwL%2FPqPwH4hE4isQhrA6r4qceesMQnekTN31yx3UIrJ1HjpKfRuSSinFQHLyx%2FxFg3Q2ywE8VrxkbPSuwwSh9RdyEiWfGUm6VCwLyonpOGolm%2FTkdj%2Bd75kWDVrAKKzQ0%2BW%2BFMFuIQQ%2F2NlgFCdb%2BVx9PLkiwVNm%2FkzJvSFUG34W9V5JfQwWSLYqKXMlbAfirc4xeFWuYKTVeobuR34XyX4EW10YN3e7E5xYviy6Jnc2R7PI%2FS%2BGBuoGWwraiDp1NBw%3D%3D%7Ctkp%3ABk9SR_rro_nSYw,idahoyouthranchbooks,18225,99.3,0.0,Free International shipping
Mastering Tableau: Smart Business Intelligence techniques to get maximum insight,5.38,Free shipping,"goodwill_colorado_springs (277,970) 99.4%",https://www.ebay.com/itm/364333102007?epid=234181332&hash=item54d3f1f3b7:g:7~MAAOSwEtdf~8X8&itmprp=enc%3AAQAJAAAAwAU6S0YE%2FsHcvhMhhcMe7M556FJ1ogSZZTAQhMgs06kCU9b6z740f3AVKYpQeLGHNuTLroMGeDuxGU4ePe6WI2tUdazeZ%2Flkkq8uefLzMBGu%2BcoF3%2BMmWo0nP5%2F%2BGMXFUdHhfmIJaKxXHToufY432J7l4dj7UAE1uEZUYU3AN%2Fgy1pP2QeFCQnrzAjUnxaydbij7GJC%2BU9k7%2FHSd69Y1FjwHoJLjRdcsmE1WBLtPq6h5Cpa5mnSz4Je5K8gfBbiu4w%3D%3D%7Ctkp%3ABk9SR_rro_nSYw,goodwill_colorado_springs,277970,99.4,0.0,Free International shipping
Surviving and Thriving in Uncertainty : Creating the Risk Intelligent Enterprise,10.0,4.87 shipping,sapat-2521 (379) 99.7%,https://www.ebay.com/itm/375332724422?epid=64446289&hash=item576392dec6:g:6jwAAOSw4zdf~fzp&itmprp=enc%3AAQAJAAAAwHAbXntvyUj6zUOiH7ilXGgSaXHyfZUDDQXf7YJDVl%2FN6hwiarMw%2B3XkuamuRWyw4%2FEMWaw6TkdpmE%2BepCoH4ZCOZsFtqGHtvD2guw%2BDscoqa9C%2FNJ1a8Q1elxry7ZJ%2BS9gQKIkC6c6hWPoUs4C148cnmFEJv%2FCW2SAnoHr2Zy6E2BXw8CY54T2TCIczcqXhwYTYdg0eVb%2Fz%2FypxXH1rsEtvSYg7757VPnpiaHvRvlPtewVI%2BTKFKs%2FgufQmYsmqgQ%3D%3D%7Ctkp%3ABk9SR_rro_nSYw,sapat-2521,379,99.7,4.87,Paid shipping
Business Intelligence: The Savvy Manager's Guide [The Morgan Kaufmann Series on,8.08,Free shipping,"texasbookconsignments (8,013) 99.9%",https://www.ebay.com/itm/155413767289?epid=2482674&hash=item242f61e479:g:9uEAAOSwcipf~eb9&itmprp=enc%3AAQAJAAAAwNPjVAd22NrYfM9K4NcVK%2BG9Xn8thkjSkwSL%2B0axbeJE9s%2BOCjP%2FxM102WjQnGsr%2B%2FeXv76xRCzKaqnV6GKERTFkqDeFsQSGROAeZVa1oC1poc65d96YJEW%2BGecYnj97PuHCqYw4wUKgCMjapBEBz5kpduVxFm2VLDBMNbom2OTQSilSMTJSD7aKCvFPELYOc%2FEPVThve2nwxhMDtvYYRfLOAyhy0HMgyk1%2B70wW9MffGMdc6TmFvxwv7PDGZKUKig%3D%3D%7Ctkp%3ABk9SR_rro_nSYw,texasbookconsignments,8013,99.9,0.0,Free International shipping
"Learning Tableau 2019 - Third Edition: Tools for Business Intelligence, data",9.09,Free shipping,"alibrisbooks (406,750) 98.5%",https://www.ebay.com/itm/403987471048?epid=18038593500&hash=item5e0f879ac8:g:btkAAOSwPsNjbPi1&itmprp=enc%3AAQAJAAAAwF3cX0Re3jTX%2FhK7Fjb%2FVXuwRn0QTZ7Yxjw63%2FBBaTbImjatt7IOURDVgnkWeLgrRi95jI5J5GB3Elau7kGd1twUOzw5S93Ppmntss0GdTnIj0XBBeaACxJuTAbTom4CRimVgdNCV5jyMJD%2BDecET40dDJNY2CtD1oHSq05Ux9k0OQqBQvbyKHY7mTTK8X9dD%2FgDKm2Vtlce5mK7u65ZhzAplqL81%2BXq7R2XNqZL9oC%2FHeTHWjx%2FB5jZ6xjKB9a8iQ%3D%3D%7Ctkp%3ABk9SR_zro_nSYw,alibrisbooks,406750,98.5,0.0,Free International shipping
"Business Intelligence, Second Edition: The Savvy Manager's Guide (The Mor - GOOD",8.18,Free shipping,"second.sale (3,210,426) 98%",https://www.ebay.com/itm/265267460581?epid=2482674&hash=item3dc32c39e5:g:pD0AAOSwTVpiMc4U&itmprp=enc%3AAQAJAAAA4Cf%2B%2FYuwIqyibFHZ3mG5qqocmtGFoxS4OztmXsPEtEfUHxmSjs6zOGGi2IKqRYDV32sBkAbYYLgMc%2BPnyjzNSh1wt3TFqWiCGKBfV9gACkABI3K7fJ1hcooTf2bYfJhsf7qqzt7R9O1XEDENvo2YKjhSBkGihUWAo3HsZ8NcE6hz0BVaBRuOpFCubMXsOhMqyt4OIqgf8R7Ax6tN30ByFBa%2FTLMbRGCk%2B45OI%2Ftt2rzHCbBoqJ2y9tpaV6G2CHD%2Fuof2UPhvGAZhi60o%2BEehZcAoVLYzYeiptb%2B2LBTez%2FjA%7Ctkp%3ABk9SR_zro_nSYw,second.sale,3210426,98.0,0.0,Free International shipping
Business Intelligence: A Managerial Perspective on Analytics (3rd Edition)  LC3,12.0,Free shipping,"coinhappy (6,851) 100%",https://www.ebay.com/itm/255221773248?epid=177518183&hash=item3b6c6733c0:g:nDIAAOSwFVVf~ccu&itmprp=enc%3AAQAJAAAAwHEZj9hMa3os0nQQTrEfGZEcBY8EjekWK--tYLNJ25oe5HsK1F2i9u4TaWZyRdD5UNY%2BtzYWM4F%2Fcl3jZ37btjmEVhj8FS1TxPDco4kxMO7gWtcP7kKvg1CioQ8uc1X4CrixjDXkmZGIhZVBXcrO32yEyiOgHenoX%2B0q6dfX1OUqKYaEYqgwTdDp0qiLnLxFRGj0MRWQuMSj%2BI38XK%2FZxNyx%2FjVD06MVamxJPPEcOy136FtvOb%2BxPBdYP6Z8L8Ctqw%3D%3D%7Ctkp%3ABk9SR_zro_nSYw,coinhappy,6851,100.0,0.0,Free International shipping
"Learning Tableau 2019: Tools for Business Intelligence, data prep, and visual an",6.41,Free shipping,"quality_treasures2 (11,283) 99.4%",https://www.ebay.com/itm/126345697510?epid=18038593500&hash=item1d6aca58e6:g:l2sAAOSw0ahf~tBR&itmprp=enc%3AAQAJAAAA8O0S8t1jPZcVl6MFOlSf5p5wrEwqv5bYZ2XcjV4kGedEO0Onm%2B1JXZ2NQ8hY%2FRZKwGXSfbC5pqQBbVpflcrlbaP64a044SBkblP3YfUCVPsAfRBWxesOG3%2BuBG2PpUwV5%2BbEH6faHVDn2j04D1kqrDeVE3kr6Ixmfo7xqIkqEqK8ay7m1YzmK8WLa3lo5oLKyIQ7D9iAdP9yeqXJF7nNCZsYJUjFr55UXF%2FquCDl66kRkMknGHwgRKAxU2Z37Ev54oPkoIKTf7agAb3x5n0eqz0CSbrOwxyV2HJxQwPy6ajfVVAQGm96T%2BMRflkgKnibcA%3D%3D%7Ctkp%3ABk9SR_zro_nSYw,quality_treasures2,11283,99.4,0.0,Free International shipping
"The Definitive Guide to DAX: Business Intelligence for Microsoft Power BI, SQL S",39.85,Free shipping,"goodwilldiscountbooks (30,268) 99.7%",https://www.ebay.com/itm/156121767374?epid=242666824&hash=item2459951dce:g:azUAAOSwv4pf~--5&itmprp=enc%3AAQAJAAAA8HJpKdOUqaflaztZxgiHhY%2BmU4B2m3qhGY6Jx%2FDrJD%2B0dmZoejezgFMtgyHdtgX%2BpqYStGFbH7IONiYxMCq6gNK9zYrDhpCM2G4ze3yViIU3PSSQzitb%2Bbx%2BnbStUL0iEXwUXcwY7hbRXG8B%2BkHoq4JxOEBUZ3Hn1KVju9Gmdxuli4eNzuq2U6Id61G0h1N6B3JA00LXr7fddsCppakCSARgRWHmZUlcpTgVUTQlnzNecbBGyUhakqSkrhTdnaEFMU7DYAe55pshaGi5%2BSoDI29KN4sZ0hME43u3GfNdPAqFCC%2FDfvAOM64UnPngWzddpw%3D%3D%7Ctkp%3ABk9SR_zro_nSYw,goodwilldiscountbooks,30268,99.7,0.0,Free International shipping
Business Intelligence with SQL Server Reporting Services - Paperback - GOOD,19.49,Free shipping,"second.sale (3,210,426) 98%",https://www.ebay.com/itm/274960795454?epid=208578784&hash=item4004f0c73e:g:lrkAAOSw1T9f~-qh&itmprp=enc%3AAQAJAAAA8FLkYIeN6BVK6rYDsSVgbODgW6zSogOL8L555q3sPwSIUKUrVQpCjzYZBYYRqHZ9JoPUKYACKhS8b%2F6nPBDse9btQ2HXqYc0WE%2BvH87kASfh3j9tdgqDGr2YLvx6s6oZK7kWNTnHO3XY8X%2BGCCBfVjXJk6X7jInIh3VD5LpXmtnEf8v9zjg6PQ6LOzGlLpGnl31wmva4qfLVET%2FnzxMw9%2FX4Nc3zyQopcW8j4Y%2BUGhQyc%2F0ITMA4rvjWHI4YeZWMfKsh2QC4wJOCG5maYdUK%2BL%2BAgyLkHn2lZwV%2B%2FWqnkaFLzLlBZnyZIgbBYnTyNT7muQ%3D%3D%7Ctkp%3ABk9SR_zro_nSYw,second.sale,3210426,98.0,0.0,Free International shipping
Getting Along in Family Business: The Relationship Intelligence Handbook by Hoov,5.75,Free shipping,"ggiezgg (308,106) 99.6%",https://www.ebay.com/itm/315248003728?epid=748433&hash=item49663eca90:g:N-cAAOSwgI1f~0qR&itmprp=enc%3AAQAJAAAA4KQZPDyaqPG8j%2B4wS9VH9OebgE1chJhgY7kmnTM10XaFGXGaxq5ar1jnzXy2Be23tqSSwqWWcalKhfLUY4PHUfhckbJlSQlwq%2BqfeJxwh7FldKrIgMVxyB%2Fto5KJFU%2FWLxEzZU5ZInR09xJt50tauyHdRU83H3Yl88JkQs2Gzd%2B02XszjG0qxwUwMv3mWPx4jxqIIACk41C0LAUFEVjRr62YTsfIPTWAc9NzEGugyPygD0vRXMuShxYOqjSZ%2FkJswrccm0FvFJ3HU5YSRm%2FLwXZojR4CHtyPC6UHsyO%2F1sNt%7Ctkp%3ABk9SR_zro_nSYw,ggiezgg,308106,99.6,0.0,Free International shipping
"SAP S/4HANA: An Introduction (SAP PRESS) (3rd Edition), Devraj Bardhan,Axel Baum",12.89,Free shipping,"hpb-red (25,818) 98.8%",https://www.ebay.com/itm/335302416219?epid=3038678269&hash=item4e1194d75b:g:WWkAAOSw7Rdf~rAZ&itmprp=enc%3AAQAJAAAA8NPjbxlRhqCZoxKCQUczxUJmh4lsLPQiGezhjaoWiGDAcE26765qxY9SUB2pfTE%2FSPRD05kQTIdxXeiygHUInjtYAs2TuDDKr%2FRa75NPzElfkR1uEcEEw56KMmxWUkHO%2FSJkR2B6SxdcyAqKSTC%2FL02Aus05cCzG9qPQYvxcDE%2BpJWIoxp9AFzABTc7F4E4HI%2BuRH7xCnyHmrV9p75HWp2fEtVwRKTJoJKCJFoqVS812k5a7S%2Fx1%2B4QUrgvm6UB32vP%2BiMOa73g1MKycZbNjaB3gFeA25aMJKR%2FxOQETYO%2BTAEivUNl8wwhJfuuiMorFRg%3D%3D%7Ctkp%3ABk9SR_zro_nSYw,hpb-red,25818,98.8,0.0,Free International shipping
"The Definitive Guide to DAX: Business intelligence with Microsoft Excel,  - GOOD",13.73,Free shipping,"second.sale (3,210,426) 98%",https://www.ebay.com/itm/275733324527?epid=28038427077&hash=item4032fca2ef:g:7-kAAOSww1ZkCDEc&itmprp=enc%3AAQAJAAAA8JKsxPwCVjJOkBWVc66Iymqs1YcBHDPeI6me4ZNvns%2FRUu4CtzOT6poTI2QmGY8VHz%2FpZ5m%2Fa7a%2Bu6ebF68WiroKvS4794YvTph3im01Y9UFPbiMsLdkty4X531Oz7%2BSsvwJxLkHiWku5pFbzhfi8cCKbkik3u2KFSnbwufEsrOxV6cl7%2FV70STGltzeiU1lKbPb5cWxQ7tP6LYcwOObtBYpEuNHjD8mc7X%2FBl0S%2FKmuSrUynDAUu4n940zlB1dRmv03A4pD1XyFd9zzgQOja7vo4knWWBJ%2BQOqIFQ9WWlp6y0xYtsddomywMo8ydR4kzQ%3D%3D%7Ctkp%3ABk9SR_zro_nSYw,second.sale,3210426,98.0,0.0,Free International shipping
Pro DAX with Power BI: Business Intelligence with PowerPivot and SQL Server Anal,22.14,Free shipping,"goodwillexpress (251,391) 98.8%",https://www.ebay.com/itm/315126694740?epid=28038388481&hash=item495f03c354:g:Y50AAOSwgOhgAEXE&itmprp=enc%3AAQAJAAAA4MZSFqRLKbS1C8zKR6%2B%2FybmSpGQ5N4BbVxDtrJpK343u%2BBCMPvDZnFPxOlFCWK64DoHvi0kbD5FkY3Yo1HouEmyPfQde4yOpd6NgejV5DU1PYWOj7DunbuTihaxcVjVPMG4oHam7JSqvncuVDeoAafDeRA2XKjtBgHbK7iA0%2F26H8bZU5xuzDOrgulqPmK%2BEQh6IN8nG2kY5%2FIOOoaD3Js5TcNHH6yoQl7p5LUm7WWU2d2RVZceezXNabxYz7fE%2BT9GXsBN5zRdy3xKQ%2FWDzrn2pDBbluPg3lAvvWSTcVVQB%7Ctkp%3ABFBM_Ouj-dJj,goodwillexpress,251391,98.8,0.0,Free International shipping
"Emotional Intelligence 2.0 - Hardcover By Bradberry, Travis - GOOD",4.9,Free shipping,"second.sale (3,210,426) 98%",https://www.ebay.com/itm/254529566748?epid=128437081&hash=item3b4324f81c:g:xMAAAOSwBKFgo1JB&itmprp=enc%3AAQAJAAAA4HonUV6A%2FhY7u0H90k8aOr6PIYUGgeggvov5BeEzB5DSgnZBz8AIv10eB94bjwEpMlnSELNxXejr4XQbi32HAHyTZEDEpTDVF5qXiSY3qCgiTGgXa8D5v%2FVsz94YHIqTJUO3LT1%2B7tQioqlDpzHOJvAOZo5DX4dwSzLz1eGGT2LBP7LQ9nalljUuceBRBCBpe0WPTsh0FqH0cubXhLH%2FfB12GwoPcyzgSdRxOvuJLQCu17fAv8sDfaJDgn%2BSo5a%2FdoLpFJgOYTp%2BeO9hRbqE2qy7%2FCFUAlPdZHc04HD9jjXL%7Ctkp%3ABFBM_Ouj-dJj,second.sale,3210426,98.0,0.0,Free International shipping
